Serial_No,Fashion_type,Product_id,Brand_Name,category,Description,Rating,Rating_count,Price,MRP_Price,Discount,size,product_description,image_ref,file_path,image_url,Specifications,Rating_as_stars
1,T-shirt,24314800,DAMENSCH,men-clothing,Solid Textured Polo T-Shirts,4.1,1.7kRatings,₹1199,MRP₹1499,(20% OFF),"['S', 'M', 'L', 'XL', 'XXL']",The model (height 6') is wearing a size M,T-shirt_men-clothing_24314800.jpg,C:/Users/DELL/OneDrive/Desktop/AI & DATA SCIENCE/Sem 2/Step 2/Test/Data/T-shirt/men-clothing\T-shirt_men-clothing_24314800.jpg,"https://assets.myntassets.com/h_720,q_90,w_540/v1/assets/images/24314800/2023/8/2/2dbeb1fc-d02e-4399-a6d3-aa584484d4d81690981443846Tshirts7.jpg","{'Fabric': 'Cotton', 'Fabric 2': 'Cotton', 'Fit': 'Regular Fit', 'Length': 'Regular', 'Main Trend': 'Knits', 'Multipack Set': 'Single', 'Neck': 'Polo Collar', 'Number of Items': '1', 'Occasion': 'Casual', 'Pattern': 'Solid', 'Print or Pattern Type': 'Solid', 'Sleeve Length': 'Short Sleeves', 'Sleeve Styling': 'Regular Sleeves', 'Sustainable': 'Regular', 'Wash Care': 'Machine Wash', 'Weave Type': 'Knitted'}","{'5': '993', '4': '330', '3': '130', '2': '66', '1': '165'}"
2,T-shirt,25819856,Louis Philippe Sport,men-clothing,Solid Polo Collar Slim Fit T-shirt,4.5,3.4kRatings,₹943,MRP₹1599,(41% OFF),None,Slim FitThe model (height 6') is wearing a size M,T-shirt_men-clothing_25819856.jpg,C:/Users/DELL/OneDrive/Desktop/AI & DATA SCIENCE/Sem 2/Step 2/Test/Data/T-shirt/men-clothing\T-shirt_men-clothing_25819856.jpg,"https://assets.myntassets.com/h_720,q_90,w_540/v1/assets/images/25819856/2023/12/7/4c9896b0-fc39-4896-8962-05cf728471251701951897979-Louis-Philippe-Sport-Men-Tshirts-61701951897612-1.jpg","{'Closure': 'Button', 'Fabric': 'Cotton', 'Fabric 2': 'Elastane', 'Fit': 'Slim Fit', 'Length': 'Regular', 'Main Trend': 'New Basics', 'Multipack Set': 'Single', 'Neck': 'Polo Collar'}","{'5': '2411', '4': '633', '3': '152', '2': '54', '1': '176'}"
3,T-shirt,25072178,Stormborn,men-clothing,Men Graphic Printed Drop-Shoulder Sleeves Oversized Pure Cotton T-shirt,4.2,4.9kRatings,₹599,MRP₹999,(40% OFF),"['S', 'M', 'L', 'XL', 'XXL']",OversizedThe model (height 6') is wearing a size M,T-shirt_men-clothing_25072178.jpg,C:/Users/DELL/OneDrive/Desktop/AI & DATA SCIENCE/Sem 2/Step 2/Test/Data/T-shirt/men-clothing\T-shirt_men-clothing_25072178.jpg,"https://assets.myntassets.com/h_720,q_90,w_540/v1/assets/images/25072178/2023/9/20/c097aded-8dfb-497d-87c0-e0ef5ec5c8761695179114326StormbornMenBrownPrintedPoloCollarPocketsT-shirt1.jpg","{'Fabric': 'Pure Cotton', 'Fit': 'Oversized', 'Length': 'Regular', 'Main Trend': 'Graphic Print Others', 'Multipack Set': 'Single', 'Neck': 'Round Neck', 'Number of Items': '1', 'Occasion': 'Casual'}","{'5': '2945', '4': '1025', '3': '369', '2': '151', '1': '406'}"
4,T-shirt,27226100,BULLMER,men-clothing,Tribal Printed Oversized Cotton T-shirt,3.8,5.2kRatings,₹389,MRP₹1499,(74% OFF),"['S', 'M', 'L', 'XL', 'XXL']",OversizedThe model (height 6') is wearing a size M,T-shirt_men-clothing_27226100.jpg,C:/Users/DELL/OneDrive/Desktop/AI & DATA SCIENCE/Sem 2/Step 2/Test/Data/T-shirt/men-clothing\T-shirt_men-clothing_27226100.jpg,"https://assets.myntassets.com/h_720,q_90,w_540/v1/assets/images/27226100/2024/1/29/0d63dbfd-673d-49d0-be10-751fa0d54c0f1706543722864BULLMERMenTribalPrintedAppliqueT-shirt1.jpg","{'Contact Brand or Retailer for pre-sales product queries': 'Wexfordonline@gmail.com; Ph: 9360357672', 'Fabric': 'Cotton', 'Fit': 'Oversized', 'Length': 'Regular', 'Main Trend': 'New Basics', 'Multipack Set': 'Single', 'Neck': 'Round Neck', 'Number of Items': '1', 'Occasion': 'Casual', 'Package Contains': 'Pack of 1 T-shirt', 'Pattern': 'Printed', 'Pattern Coverage': 'Chest', 'Print or Pattern Type': 'Tribal', 'Sleeve Length': 'Short Sleeves', 'Sleeve Styling': 'Regular Sleeves', 'Sustainable': 'Regular', 'Wash Care': 'Machine Wash', 'Weave Type': 'Knitted'}","{'5': '2632', '4': '956', '3': '504', '2': '295', '1': '844'}"
5,T-shirt,26858810,NOBERO,men-clothing,Graphic Printed Oversized T-shirt,4.3,1.1kRatings,₹413,MRP₹1799,(77% OFF),"['S', 'M', 'L', 'XL', 'XXL', '3XL']",OversizedThe model (height 6') is wearing a size M,T-shirt_men-clothing_26858810.jpg,C:/Users/DELL/OneDrive/Desktop/AI & DATA SCIENCE/Sem 2/Step 2/Test/Data/T-shirt/men-clothing\T-shirt_men-clothing_26858810.jpg,"https://assets.myntassets.com/h_720,q_90,w_540/v1/assets/images/26858810/2024/3/19/038d09b0-220e-488d-8707-d0b6c1b769991710836863241-NOBERO-Graphic-Printed-Oversized-T-shirt-6021710836863167-7.jpg","{'Fabric': 'Cotton', 'Fit': 'Oversized', 'Length': 'Regular', 'Main Trend': 'New Basics', 'Multipack Set': 'Single', 'Neck': 'Round Neck', 'Number of Items': '1', 'Occasion': 'Casual'}","{'5': '732', '4': '233', '3': '77', '2': '23', '1': '81'}"
6,T-shirt,13622286,Roadster,men-clothing,Men Green  White Colourblocked Round Neck Pure Cotton T-shirt,4.3,7.9kRatings,₹279,MRP₹699,(60% OFF),"['S', 'M', 'L', 'XL']","Green and White colourblocked T-shirt, has a round neck, and short sleeves",T-shirt_men-clothing_13622286.jpg,C:/Users/DELL/OneDrive/Desktop/AI & DATA SCIENCE/Sem 2/Step 2/Test/Data/T-shirt/men-clothing\T-shirt_men-clothing_13622286.jpg,"https://assets.myntassets.com/h_720,q_90,w_540/v1/assets/images/13622286/2024/2/19/a0794667-e541-4526-958d-6c9536a0009b1708340067741RoadsterMenGreenWhiteColourblockedRoundNeckPureCottonT-shirt1.jpg","{'Fabric': 'Pure Cotton', 'Fit': 'Regular Fit', 'Length': 'Regular', 'Main Trend': 'Colourblocked', 'Multipack Set': 'Single', 'Neck': 'Round Neck', 'Occasion': 'Casual', 'Pattern': 'Colourblocked'}","{'5': '4609', '4': '1887', '3': '714', '2': '265', '1': '459'}"
7,T-shirt,23083544,Louis Philippe Jeans,men-clothing,Polo Collar Slim Fit T-shirt,4.4,4.6kRatings,₹974,MRP₹1499,(35% OFF),None,Slim FitThe model (height 6') is wearing a size M,T-shirt_men-clothing_23083544.jpg,C:/Users/DELL/OneDrive/Desktop/AI & DATA SCIENCE/Sem 2/Step 2/Test/Data/T-shirt/men-clothing\T-shirt_men-clothing_23083544.jpg,"https://assets.myntassets.com/h_720,q_90,w_540/v1/assets/images/23083544/2023/5/23/880e1416-4fbd-4d6d-8fb6-6e82032cc8c61684845181425-Louis-Philippe-Jeans-Men-Tshirts-3361684845180959-1.jpg","{'Closure': 'Button', 'Fabric': 'Cotton', 'Fabric 2': 'Polyester', 'Fit': 'Slim Fit', 'Length': 'Regular', 'Main Trend': 'New Basics', 'Multipack Set': 'Single', 'Neck': 'Polo Collar', 'Occasion': 'Casual', 'Pattern': 'Solid', 'Print or Pattern Type': 'Solid', 'Sleeve Length': 'Short Sleeves', 'Sleeve Styling': 'Regular Sleeves', 'Sustainable': 'Regular', 'Wash Care': 'Machine Wash', 'Weave Type': 'Knitted'}","{'5': '3111', '4': '881', '3': '229', '2': '74', '1': '261'}"
8,T-shirt,29350874,H&M,men-clothing,Men Pure Cotton Loose Fit Printed T-shirt,4.4,1.1kRatings,MRP₹ 799,MRP,None,"['XS', 'S', 'M', 'L', 'XL', 'XXL']","T-shirt in midweight cotton jersey with a print motif, round, rib-trimmed neckline, dropped shoulders and a straight-cut hem. Loose fit for a generous but not oversized silhouette.",T-shirt_men-clothing_29350874.jpg,C:/Users/DELL/OneDrive/Desktop/AI & DATA SCIENCE/Sem 2/Step 2/Test/Data/T-shirt/men-clothing\T-shirt_men-clothing_29350874.jpg,"https://assets.myntassets.com/h_720,q_90,w_540/v1/assets/images/29350874/2024/5/4/31b40297-d03d-46dc-a485-f8686cc0a2e01714805335046LooseFitPrintedT-shirt1.jpg","{'Fabric': 'Pure Cotton', 'Fit': 'Relaxed Fit', 'Length': 'Regular', 'Main Trend': 'Natureverse', 'Multipack Set': 'Single', 'Neck': 'Round Neck', 'Number of Items': '1', 'Occasion': 'Casual', 'Pattern': 'Printed', 'Pattern Coverage': 'Back', 'Print or Pattern Type': 'Graphic', 'Sleeve Length': 'Short Sleeves', 'Sleeve Styling': 'Drop-Shoulder Sleeves', 'Sustainable': 'Regular', 'Wash Care': 'Machine Wash', 'Weave Type': 'Knitted'}","{'5': '743', '4': '179', '3': '53', '2': '24', '1': '59'}"
9,T-shirt,23669086,RARE RABBIT,men-clothing,Men Divide Polo Collar Slim Fit Cotton T-Shirt,4.1,1.7kRatings,₹1749,MRP₹3499,(50% OFF),"['XS', 'S', 'M', 'L', 'XL', 'XXL', '3XL']",Slim FitThe model (height 6') is wearing a size M,T-shirt_men-clothing_23669086.jpg,C:/Users/DELL/OneDrive/Desktop/AI & DATA SCIENCE/Sem 2/Step 2/Test/Data/T-shirt/men-clothing\T-shirt_men-clothing_23669086.jpg,"https://assets.myntassets.com/h_720,q_90,w_540/v1/assets/images/23669086/2023/6/17/97aa8314-0789-40f3-9fe6-a8a146bc638c1687016966366RARERABBITMenGreenPoloCollarPocketsSlimFitT-shirt1.jpg","{'Fabric': 'Cotton', 'Fit': 'Slim Fit', 'Length': 'Regular', 'Main Trend': 'New Basics', 'Multipack Set': 'Single', 'Neck': 'Polo Collar', 'Number of Items': '1', 'Occasion': 'Casual'}","{'5': '1016', '4': '260', '3': '127', '2': '55', '1': '194'}"
10,T-shirt,12904100,Roadster,men-clothing,Men Green & White Pure Cotton Colourblocked Polo Collar T-shirt,4.1,2kRatings,₹517,MRP₹1399,(63% OFF),"['S', 'M', 'L', 'XL']",Regular FitThe model (height 6') is wearing a size M,T-shirt_men-clothing_12904100.jpg,C:/Users/DELL/OneDrive/Desktop/AI & DATA SCIENCE/Sem 2/Step 2/Test/Data/T-shirt/men-clothing\T-shirt_men-clothing_12904100.jpg,"https://assets.myntassets.com/h_720,q_90,w_540/v1/assets/images/12904100/2022/2/17/39ce5d73-e1a7-4546-95c5-0bfd3f0475a61645087486982-Roadster-Men-Green--White-Pure-Cotton-Colourblocked-Polo-Col-1.jpg","{'Closure': 'Button', 'Fabric': 'Pure Cotton', 'Fit': 'Regular Fit', 'Length': 'Regular', 'Main Trend': 'Colourblocked', 'Multipack Set': 'Single', 'Neck': 'Polo Collar', 'Occasion': 'Casual'}","{'5': '1042', '4': '444', '3': '197', '2': '112', '1': '172'}"
11,T-shirt,3009070,Roadster,men-clothing,Men Maroon Solid Polo Collar T-shirt,4.2,11.8kRatings,₹419,MRP₹999,(58% OFF),"['S', 'M', 'L', 'XL']","Maroon solid T-shirt, has a polo collar, short sleeves",T-shirt_men-clothing_3009070.jpg,C:/Users/DELL/OneDrive/Desktop/AI & DATA SCIENCE/Sem 2/Step 2/Test/Data/T-shirt/men-clothing\T-shirt_men-clothing_3009070.jpg,"https://assets.myntassets.com/h_720,q_90,w_540/v1/assets/images/3009070/2018/5/31/f48fa8e4-ee70-4118-8a1d-a898037036bc1527767035968-Roadster-Men-Tshirts-1311527767034405-1.jpg","{'Closure': 'Button', 'Fabric': 'Cotton', 'Fit': 'Regular Fit', 'Length': 'Regular', 'Main Trend': 'New Basics', 'Multipack Set': 'Single', 'Neck': 'Polo Collar', 'Number of Items': '1', 'Occasion': 'Work', 'Pattern': 'Solid', 'Print or Pattern Type': 'Solid', 'Sleeve Length': 'Short Sleeves', 'Sleeve Styling': 'Regular Sleeves', 'Sustainable': 'Regular', 'Wash Care': 'Machine Wash', 'Weave Type': 'Knitted'}","{'5': '6524', '4': '2789', '3': '1101', '2': '447', '1': '920'}"
12,T-shirt,23958962,Kook N Keech,women-clothing,Typography Printed Drop-Shoulder Sleeves Pure Cotton Longline T-shirt,4.3,7.2kRatings,₹494,MRP₹1099,(55% OFF),"['XS', 'S', 'M', 'L', 'XL']","Regular FitSize worn by the model: SChest: 35""Height: 5'7""",T-shirt_women-clothing_23958962.jpg,C:/Users/DELL/OneDrive/Desktop/AI & DATA SCIENCE/Sem 2/Step 2/Test/Data/T-shirt/women-clothing\T-shirt_women-clothing_23958962.jpg,"https://assets.myntassets.com/h_720,q_90,w_540/v1/assets/images/23958962/2023/8/4/a4c6ddaa-dbed-4644-b2a4-2c0fb76ef2b21691141196770-Kook-N-Keech-Women-Tshirts-9071691141196409-1.jpg","{'Fabric': 'Cotton', 'Fit': 'Oversized', 'Length': 'Longline', 'Main Trend': 'Typography or Slogan Print', 'Multipack Set': 'Single', 'Neck': 'Round Neck', 'Number of Items': '1', 'Occasion': 'Casual'}","{'5': '4547', '4': '1458', '3': '540', '2': '227', '1': '426'}"
13,T-shirt,28727814,Maniac,men-clothing,Striped Round Neck T-shirt,4.2,540Ratings,₹470,MRP₹1569,(70% OFF),"['S', 'M', 'L', 'XL']",OversizedThe model (height 6') is wearing a size M,T-shirt_men-clothing_28727814.jpg,C:/Users/DELL/OneDrive/Desktop/AI & DATA SCIENCE/Sem 2/Step 2/Test/Data/T-shirt/men-clothing\T-shirt_men-clothing_28727814.jpg,"https://assets.myntassets.com/h_720,q_90,w_540/v1/assets/images/28727814/2024/4/6/c19682d1-9d4c-4d38-9451-45331bab81851712384125011ManiacMenStripedV-NeckDrop-ShoulderSleevesPocketsT-shirt1.jpg","{'Fabric': 'Cotton', 'Fabric 2': 'Cotton', 'Fabric 3': 'Cotton', 'Fit': 'Oversized', 'Length': 'Regular', 'Main Trend': 'Multi or Variegated Stripes', 'Multipack Set': 'Single', 'Neck': 'Round Neck', 'Number of Items': '1', 'Number of Pockets': '1', 'Occasion': 'Casual', 'Pattern': 'Striped', 'Pattern Coverage': 'Full-Front', 'Print or Pattern Type': 'Striped', 'Sleeve Length': 'Short Sleeves', 'Sleeve Styling': 'Drop-Shoulder Sleeves', 'Sustainable': 'Regular', 'Wash Care': 'Machine Wash', 'Weave Type': 'Knitted'}","{'5': '318', '4': '115', '3': '35', '2': '22', '1': '50'}"
14,T-shirt,22604922,ARMISTO,men-clothing,Textured Knit Polo Collar Pure Cotton T-Shirt,4.1,1.2kRatings,₹1231,MRP₹1599,(23% OFF),"['S', 'M', 'L', 'XL', 'XXL']",Regular FitThe model (height 6') is wearing a size M,T-shirt_men-clothing_22604922.jpg,C:/Users/DELL/OneDrive/Desktop/AI & DATA SCIENCE/Sem 2/Step 2/Test/Data/T-shirt/men-clothing\T-shirt_men-clothing_22604922.jpg,"https://assets.myntassets.com/h_720,q_90,w_540/v1/assets/images/22604922/2023/4/1/d674b753-0587-4c28-9fb8-6c1e386f5f031680292076261TexturedCottonKnitTshirt1.jpg","{'Fabric': 'Pure Cotton', 'Fit': 'Regular Fit', 'Length': 'Regular', 'Main Trend': 'Knits', 'Multipack Set': 'Single', 'Neck': 'Polo Collar', 'Number of Items': '1', 'Occasion': 'Casual'}","{'5': '713', '4': '237', '3': '102', '2': '56', '1': '131'}"
15,T-shirt,21496816,ADIDAS,men-clothing,TR Essential+ BL LOG T-Shirt,4.1,807Ratings,₹1399,MRP₹1999,(30% OFF),"['XS', 'S', 'M', 'L', 'XL', 'XXL']",Size worn by the model: MChest: 36''Height: 6',T-shirt_men-clothing_21496816.jpg,C:/Users/DELL/OneDrive/Desktop/AI & DATA SCIENCE/Sem 2/Step 2/Test/Data/T-shirt/men-clothing\T-shirt_men-clothing_21496816.jpg,"https://assets.myntassets.com/h_720,q_90,w_540/v1/assets/images/21496816/2023/4/25/fb73ebf4-7646-4e9b-a4c0-ca2c1e3ea0a41682420688600-ADIDAS-Men-Tshirts-751682420688318-1.jpg","{'Fabric': 'Polyester', 'Fabric 2': 'Cotton', 'Fit': 'Regular Fit', 'Length': 'Regular', 'Main Trend': 'Graphic Print Others', 'Multipack Set': 'Single', 'Neck': 'Round Neck', 'Occasion': 'Sports', 'Pattern': 'Printed', 'Pattern Coverage': 'Chest', 'Print or Pattern Type': 'Brand Logo', 'Sleeve Length': 'Short Sleeves', 'Sleeve Styling': 'Regular Sleeves', 'Sport': 'Training or Gym', 'Sustainable': 'Regular', 'Wash Care': 'Machine Wash', 'Weave Type': 'Knitted'}","{'5': '488', '4': '139', '3': '69', '2': '35', '1': '76'}"
16,T-shirt,27661440,Kook N Keech,men-clothing,Men Premium Relaxed Fit Pure Cotton T-shirt,4.2,1.4kRatings,₹319,MRP₹1599,(80% OFF),"['S', 'M', 'L', 'XL', 'XXL']","Relaxed FitSize worn by the model: MChest: 40""Height: 6'2""",T-shirt_men-clothing_27661440.jpg,C:/Users/DELL/OneDrive/Desktop/AI & DATA SCIENCE/Sem 2/Step 2/Test/Data/T-shirt/men-clothing\T-shirt_men-clothing_27661440.jpg,"https://assets.myntassets.com/h_720,q_90,w_540/v1/assets/images/27661440/2024/2/27/0dd08e85-1d77-4c7a-a13b-39b84fdf8e441709036795456-Kook-N-Keech-Men-Tshirts-6161709036795113-1.jpg","{'Fabric': 'Cotton', 'Fit': 'Relaxed Fit', 'Length': 'Regular', 'Main Trend': 'New Basics', 'Multipack Set': 'Single', 'Neck': 'Round Neck', 'Number of Items': '1', 'Occasion': 'Casual'}","{'5': '823', '4': '343', '3': '113', '2': '40', '1': '98'}"
17,T-shirt,12956244,Kook N Keech,men-clothing,Men White  Teal Blue Striped Round Neck Pure Cotton Relaxed T-shirt,4.2,6.1kRatings,₹494,MRP₹1099,(55% OFF),"['S', 'M', 'L', 'XL', 'XXL']","White and Teal Blue striped T-shirt, has a round neck, and short sleeves",T-shirt_men-clothing_12956244.jpg,C:/Users/DELL/OneDrive/Desktop/AI & DATA SCIENCE/Sem 2/Step 2/Test/Data/T-shirt/men-clothing\T-shirt_men-clothing_12956244.jpg,"https://assets.myntassets.com/h_720,q_90,w_540/v1/assets/images/12956244/2021/4/20/668b68ba-0250-4fcd-a8a0-49bbec71f3591618915179312-Kook-N-Keech-Men-Tshirts-971618915178743-1.jpg","{'Fabric': 'Pure Cotton', 'Fit': 'Relaxed Fit', 'Length': 'Regular', 'Main Trend': 'New Basics', 'Multipack Set': 'Single', 'Neck': 'Round Neck', 'Occasion': 'Casual', 'Pattern': 'Striped', 'Print or Pattern Type': 'Striped', 'Sleeve Length': 'Short Sleeves', 'Sleeve Styling': 'Regular Sleeves', 'Sustainable': 'Regular', 'Wash Care': 'Machine Wash', 'Weave Type': 'Knitted'}","{'5': '3519', '4': '1327', '3': '571', '2': '219', '1': '424'}"
18,T-shirt,None,None,None,None,None,None,None,None,None,None,None,None,None,None,None,None
19,T-shirt,26823300,Louis Philippe Sport,men-clothing,Men Polo Collar Pure Cotton Slim Fit T-shirt,4.5,3.4kRatings,₹927,MRP₹1599,(42% OFF),"['S', 'M', 'L', 'XL', 'XXL', '3XL']","Slim FitSize worn by the model: MChest: 38""Height: 6'1""",T-shirt_men-clothing_26823300.jpg,C:/Users/DELL/OneDrive/Desktop/AI & DATA SCIENCE/Sem 2/Step 2/Test/Data/T-shirt/men-clothing\T-shirt_men-clothing_26823300.jpg,"https://assets.myntassets.com/h_720,q_90,w_540/v1/assets/images/26823300/2024/2/2/7baf14ed-4f0b-4350-8bea-cac78028e5331706867556557-Louis-Philippe-Sport-Men-Tshirts-1001706867556231-1.jpg","{'Closure': 'Button', 'Fabric': 'Pure Cotton', 'Fit': 'Slim Fit', 'Length': 'Regular', 'Main Trend': 'New Basics', 'Multipack Set': 'Single', 'Neck': 'Polo Collar', 'Number of Items': '1', 'Occasion': 'Casual', 'Package Contains': 'single item', 'Pattern': 'Solid', 'Print or Pattern Type': 'Solid', 'Sleeve Length': 'Short Sleeves', 'Sleeve Styling': 'Regular Sleeves', 'Sustainable': 'Regular', 'Wash Care': 'Machine Wash', 'Weave Type': 'Knitted'}","{'5': '2420', '4': '637', '3': '153', '2': '54', '1': '178'}"
20,T-shirt,23083542,Louis Philippe Jeans,men-clothing,Polo Collar Slim Fit T-shirt,4.4,4.6kRatings,₹974,MRP₹1499,(35% OFF),"['S', 'M', 'L', 'XL', 'XXL']","Slim FitSize worn by the model: MChest: 39''Height: 6'2""",T-shirt_men-clothing_23083542.jpg,C:/Users/DELL/OneDrive/Desktop/AI & DATA SCIENCE/Sem 2/Step 2/Test/Data/T-shirt/men-clothing\T-shirt_men-clothing_23083542.jpg,"https://assets.myntassets.com/h_720,q_90,w_540/v1/assets/images/23083542/2023/5/26/f6e37b38-7c80-49fa-be93-a97ce32448e21685086203020-Louis-Philippe-Jeans-Men-Tshirts-6191685086202595-1.jpg","{'Closure': 'Button', 'Fabric': 'Cotton', 'Fabric 2': 'Polyester', 'Fit': 'Slim Fit', 'Length': 'Regular', 'Main Trend': 'New Basics', 'Multipack Set': 'Single', 'Neck': 'Polo Collar'}","{'5': '3114', '4': '882', '3': '229', '2': '74', '1': '261'}"
21,T-shirt,25819602,Louis Philippe Sport,men-clothing,Solid Polo Collar Slim Fit T-shirt,4.5,3.4kRatings,₹959,MRP₹1599,(40% OFF),"['S', 'M', 'L', 'XL', 'XXL', '3XL']","Slim FitSize worn by the model: MChest: 37""Height: 6'2""",T-shirt_men-clothing_25819602.jpg,C:/Users/DELL/OneDrive/Desktop/AI & DATA SCIENCE/Sem 2/Step 2/Test/Data/T-shirt/men-clothing\T-shirt_men-clothing_25819602.jpg,"https://assets.myntassets.com/h_720,q_90,w_540/v1/assets/images/25819602/2023/12/8/705599f9-c3c3-4eff-a79b-3bef47fb622b1702015956222-Louis-Philippe-Sport-Men-Tshirts-6471702015955769-1.jpg","{'Closure': 'Button', 'Fabric': 'Cotton', 'Fabric 2': 'Elastane', 'Fit': 'Slim Fit', 'Length': 'Regular', 'Main Trend': 'New Basics', 'Multipack Set': 'Single', 'Neck': 'Polo Collar', 'Number of Items': '1', 'Occasion': 'Casual', 'Package Contains': '1 T-shirt', 'Pattern': 'Solid', 'Print or Pattern Type': 'Solid', 'Sleeve Length': 'Short Sleeves', 'Sleeve Styling': 'Regular Sleeves', 'Sustainable': 'Regular', 'Wash Care': 'Machine Wash', 'Weave Type': 'Knitted'}","{'5': '2420', '4': '638', '3': '153', '2': '55', '1': '178'}"
22,T-shirt,28204808,H&M,men-clothing,Pure Cotton Regular Fit T-shirt,4.2,983Ratings,MRP₹ 399,MRP,None,"['XS', 'S', 'M', 'L', 'XL', 'XXL']","T-shirt in lightweight cotton jersey with a round, rib-trimmed neckline and a straight-cut hem. Regular fit for comfortable wear and a classic silhouette.",T-shirt_men-clothing_28204808.jpg,C:/Users/DELL/OneDrive/Desktop/AI & DATA SCIENCE/Sem 2/Step 2/Test/Data/T-shirt/men-clothing\T-shirt_men-clothing_28204808.jpg,"https://assets.myntassets.com/h_720,q_90,w_540/v1/assets/images/28204808/2024/3/12/02f48e07-835b-4bdf-9f48-aa1bcb25a1ed1710225898577RegularFitT-shirt1.jpg","{'Fabric': 'Pure Cotton', 'Fit': 'Regular Fit', 'Length': 'Regular', 'Main Trend': 'New Basics', 'Multipack Set': 'Single', 'Neck': 'Round Neck', 'Number of Items': '1', 'Occasion': 'Casual'}","{'5': '595', '4': '187', '3': '94', '2': '27', '1': '80'}"
23,T-shirt,17692896,DILLINGER,women-clothing,Women Red & Beige Typography Printed Pure Cotton Loose T-shirt,4.1,3.4kRatings,₹467,MRP₹1299,(64% OFF),"['XS', 'S', 'M', 'L', 'XL']",LooseThe model (height 5'8) is wearing a size S,T-shirt_women-clothing_17692896.jpg,C:/Users/DELL/OneDrive/Desktop/AI & DATA SCIENCE/Sem 2/Step 2/Test/Data/T-shirt/women-clothing\T-shirt_women-clothing_17692896.jpg,"https://assets.myntassets.com/h_720,q_90,w_540/v1/assets/images/17692896/2022/4/12/0014db74-447c-4588-aaae-957037bf78e31649759620479-DILLINGER-Women-Tshirts-9101649759620095-1.jpg","{'Fabric': 'Pure Cotton', 'Fit': 'Oversized', 'Length': 'Longline', 'Main Trend': 'Typography or Slogan Print', 'Multipack Set': 'Single', 'Neck': 'Round Neck', 'Number of Items': '1', 'Occasion': 'Casual'}","{'5': '2017', '4': '677', '3': '292', '2': '134', '1': '325'}"
24,T-shirt,20468424,ADIDAS,men-clothing,Men Aeroready Club 3 Stripe Tennis T-shirt,4,703Ratings,₹1439,MRP₹1599,(10% OFF),"['XS', 'S', 'M', 'L', 'XL', 'XXL']","Regular FitSize worn by the model: MChest: 36""Height: 6'",T-shirt_men-clothing_20468424.jpg,C:/Users/DELL/OneDrive/Desktop/AI & DATA SCIENCE/Sem 2/Step 2/Test/Data/T-shirt/men-clothing\T-shirt_men-clothing_20468424.jpg,"https://assets.myntassets.com/h_720,q_90,w_540/v1/assets/images/20468424/2023/3/20/eb663f81-322e-466e-9804-64f3fc194ba41679297756970-ADIDAS-Men-Tshirts-5981679297756371-1.jpg","{'Fabric': 'Polyester', 'Fit': 'Regular Fit', 'Length': 'Regular', 'Main Trend': 'New Basics', 'Multipack Set': 'Single', 'Neck': 'Round Neck', 'Occasion': 'Sports', 'Pattern': 'Solid'}","{'5': '401', '4': '106', '3': '58', '2': '45', '1': '93'}"
25,T-shirt,24257122,The Souled Store,women-clothing,Graphic Printed Drop-Shoulder Sleeves Oversized Fit Cotton T-Shirt,4.5,474Ratings,₹599,MRP₹1499,(60% OFF),"['XS', 'S', 'M', 'L', 'XL', 'XXL']",OversizedThe model (height 5'8) is wearing a size S,T-shirt_women-clothing_24257122.jpg,C:/Users/DELL/OneDrive/Desktop/AI & DATA SCIENCE/Sem 2/Step 2/Test/Data/T-shirt/women-clothing\T-shirt_women-clothing_24257122.jpg,"https://assets.myntassets.com/h_720,q_90,w_540/v1/assets/images/24257122/2023/7/29/a83f28ae-7f14-4dbc-8e21-6234a12b34de1690622488749Tshirts1.jpg","{'Fabric': 'Cotton', 'Fit': 'Oversized', 'Length': 'Regular', 'Main Trend': 'Graphic Print Others', 'Multipack Set': 'Single', 'Neck': 'Round Neck', 'Number of Items': '1', 'Occasion': 'Casual', 'Pattern': 'Printed', 'Pattern Coverage': 'Full-Front', 'Print or Pattern Type': 'Graphic', 'Sleeve Length': 'Short Sleeves', 'Sleeve Styling': 'Drop-Shoulder Sleeves', 'Sustainable': 'Regular', 'Wash Care': 'Machine Wash', 'Weave Type': 'Knitted'}","{'5': '331', '4': '89', '3': '26', '2': '10', '1': '18'}"
26,T-shirt,17587470,Difference of Opinion,women-clothing,Women Orange Typography Printed Pure Cotton Oversized T-Shirt,4.4,6.9kRatings,₹467,MRP₹1299,(64% OFF),"['XS', 'S', 'M', 'L', 'XL']",LooseThe model (height 5'8) is wearing a size S,T-shirt_women-clothing_17587470.jpg,C:/Users/DELL/OneDrive/Desktop/AI & DATA SCIENCE/Sem 2/Step 2/Test/Data/T-shirt/women-clothing\T-shirt_women-clothing_17587470.jpg,"https://assets.myntassets.com/h_720,q_90,w_540/v1/assets/images/17587470/2022/4/28/51112378-6f5f-43f0-a257-16f3fb5be4341651143779451-Difference-of-Opinion-Women-Orange-Typography-Printed-Pure-C-1.jpg","{'Fabric': 'Pure Cotton', 'Fit': 'Oversized', 'Length': 'Longline', 'Main Trend': 'Typography or Slogan Print', 'Multipack Set': 'Single', 'Neck': 'Round Neck', 'Number of Items': '1', 'Occasion': 'Casual', 'Pattern': 'Printed', 'Pattern Coverage': 'Chest', 'Print or Pattern Type': 'Typography', 'Sleeve Length': 'Short Sleeves', 'Sleeve Styling': 'Regular Sleeves', 'Sustainable': 'Regular', 'Wash Care': 'Machine Wash', 'Weave Type': 'Knitted'}","{'5': '4507', '4': '1422', '3': '527', '2': '154', '1': '269'}"
27,T-shirt,24014326,BULLMER,men-clothing,Graphic Printed Round Neck Oversized Cotton T-shirt,3.8,6.3kRatings,₹389,MRP₹1499,(74% OFF),"['S', 'M', 'L', 'XL', 'XXL']",OversizedThe model (height 6') is wearing a size M,T-shirt_men-clothing_24014326.jpg,C:/Users/DELL/OneDrive/Desktop/AI & DATA SCIENCE/Sem 2/Step 2/Test/Data/T-shirt/men-clothing\T-shirt_men-clothing_24014326.jpg,"https://assets.myntassets.com/h_720,q_90,w_540/v1/assets/images/24014326/2023/7/14/c3bb4dd9-b557-4602-a885-f77b445645bc1689274870298BULLMERMenBlackTypographyPrintedPocketsT-shirt1.jpg","{'Fabric': 'Cotton', 'Fit': 'Oversized', 'Length': 'Regular', 'Main Trend': 'Graphic Print Others', 'Multipack Set': 'Single', 'Neck': 'Round Neck', 'Number of Items': '1', 'Occasion': 'Casual'}","{'5': '3208', '4': '1117', '3': '615', '2': '314', '1': '1046'}"
28,T-shirt,25060270,Roadster,men-clothing,The Life Co. Men Solid Minimal Embroidered Polo Collar Pure Cotton T-shirt,3.9,2.8kRatings,₹524,MRP₹1499,(65% OFF),"['S', 'M', 'L', 'XL']","Regular FitSize worn by the model: MChest: 40""Height: 6'1""",T-shirt_men-clothing_25060270.jpg,C:/Users/DELL/OneDrive/Desktop/AI & DATA SCIENCE/Sem 2/Step 2/Test/Data/T-shirt/men-clothing\T-shirt_men-clothing_25060270.jpg,"https://assets.myntassets.com/h_720,q_90,w_540/v1/assets/images/25060270/2023/9/27/a52b0b24-1eb7-4e54-973c-08cabf8096391695815253644-Roadster-Men-Tshirts-5751695815253257-1.jpg","{'Closure': 'Button', 'Fabric': 'Pure Cotton', 'Fit': 'Regular Fit', 'Length': 'Regular', 'Main Trend': 'New Basics', 'Multipack Set': 'Single', 'Neck': 'Polo Collar', 'Number of Items': '1', 'Occasion': 'Work', 'Package Contains': 'Single', 'Pattern': 'Solid', 'Print or Pattern Type': 'Solid', 'Sleeve Length': 'Short Sleeves', 'Sleeve Styling': 'Regular Sleeves', 'Surface Styling': 'Embroidered', 'Sustainable': 'Regular', 'Wash Care': 'Machine Wash', 'Weave Type': 'Knitted'}","{'5': '1442', '4': '514', '3': '289', '2': '147', '1': '378'}"
29,T-shirt,22204272,HELLCAT,boys-clothing,Boys Pack Of 3 Printed Cotton T-shirt,4.1,3.6kRatings,₹599,MRP₹3897,(Rs. 3298 OFF),None,CottonMachine Wash,T-shirt_boys-clothing_22204272.jpg,C:/Users/DELL/OneDrive/Desktop/AI & DATA SCIENCE/Sem 2/Step 2/Test/Data/T-shirt/boys-clothing\T-shirt_boys-clothing_22204272.jpg,"https://assets.myntassets.com/h_720,q_90,w_540/v1/assets/images/22204272/2023/5/2/e4df577a-6725-43de-bac3-3c8280c24fb61683017842296-HELLCAT-Boys-Blue-Typography-3-Printed-T-shirt-5116830178418-1.jpg","{'Fabric': 'Cotton', 'Fit': 'Regular Fit', 'Length': 'Regular', 'Main Trend': 'Typography or Slogan Print', 'Multipack Set': '3', 'Neck': 'Round Neck', 'Occasion': 'Casual', 'Pattern': 'Printed'}","{'5': '1963', '4': '756', '3': '374', '2': '168', '1': '328'}"
30,T-shirt,29717974,Kook N Keech,women-clothing,Drop-Shoulder Sleeves Oversized Pure Cotton T-shirt,4.3,798Ratings,₹179,MRP₹1199,(85% OFF),"['S', 'M', 'L', 'XL', 'XXL']",OversizedThe model (height 5'8) is wearing a size S,T-shirt_women-clothing_29717974.jpg,C:/Users/DELL/OneDrive/Desktop/AI & DATA SCIENCE/Sem 2/Step 2/Test/Data/T-shirt/women-clothing\T-shirt_women-clothing_29717974.jpg,"https://assets.myntassets.com/h_720,q_90,w_540/v1/assets/images/29717974/2024/6/4/6fc8e78a-e0e3-4eb6-94f3-53449f5a8afc1717496220339-Kook-N-Keech-Women-Tshirts-4791717496219965-1.jpg","{'Fabric': 'Pure Cotton', 'Fit': 'Oversized', 'Length': 'Longline', 'Main Trend': 'New Basics', 'Multipack Set': 'Single', 'Neck': 'Round Neck', 'Number of Items': '1', 'Occasion': 'Casual', 'Pattern': 'Solid', 'Print or Pattern Type': 'Solid', 'Sleeve Length': 'Short Sleeves', 'Sleeve Styling': 'Drop-Shoulder Sleeves', 'Sustainable': 'Regular', 'Wash Care': 'Machine Wash', 'Weave Type': 'Knitted'}","{'5': '514', '4': '147', '3': '56', '2': '22', '1': '59'}"
31,T-shirt,21496822,ADIDAS,men-clothing,TR Essential+ BL LOG T-Shirt,4.1,801Ratings,₹1399,MRP₹1999,(30% OFF),"['XS', 'S', 'M', 'L', 'XL', 'XXL']",Size worn by the model: MChest: 36''Height: 6',T-shirt_men-clothing_21496822.jpg,C:/Users/DELL/OneDrive/Desktop/AI & DATA SCIENCE/Sem 2/Step 2/Test/Data/T-shirt/men-clothing\T-shirt_men-clothing_21496822.jpg,"https://assets.myntassets.com/h_720,q_90,w_540/v1/assets/images/21496822/2023/4/25/68b2208d-bc03-4f55-ac08-38b500819e891682418232121-ADIDAS-Men-Tshirts-3441682418231634-1.jpg","{'Fabric': 'Polyester', 'Fabric 2': 'Cotton', 'Fit': 'Regular Fit', 'Length': 'Regular', 'Main Trend': 'Graphic Print Others', 'Multipack Set': 'Single', 'Neck': 'Round Neck', 'Occasion': 'Sports'}","{'5': '483', '4': '138', '3': '69', '2': '35', '1': '76'}"
32,T-shirt,24314564,Bonkers Corner,women-clothing,Cream Coloured Donald Duck Printed Cotton Oversized T-shirt,4.2,512Ratings,₹1036,MRP₹1699,(39% OFF),"['XS', 'S', 'M', 'L', 'XL', 'XXL', '3XL']",OversizedThe model (height 5'8) is wearing a size S,T-shirt_women-clothing_24314564.jpg,C:/Users/DELL/OneDrive/Desktop/AI & DATA SCIENCE/Sem 2/Step 2/Test/Data/T-shirt/women-clothing\T-shirt_women-clothing_24314564.jpg,"https://assets.myntassets.com/h_720,q_90,w_540/v1/assets/images/24314564/2023/8/2/cf317c90-eb4b-4b87-9695-30dd7e4bbab91690995330435BonkersCornerWomenCream-ColouredTypographyStripedPoloCollarA1.jpg","{'Character': 'Donald Duck', 'Closure': 'Button', 'Fabric': 'Cotton', 'Fit': 'Oversized', 'Length': 'Regular', 'Main Trend': 'Graphic Print Others', 'Multipack Set': 'Single', 'Neck': 'Polo Collar', 'Number of Items': '1', 'Occasion': 'Casual', 'Pattern': 'Printed', 'Pattern Coverage': 'Back', 'Print or Pattern Type': 'Humour and Comic', 'Sleeve Length': 'Short Sleeves', 'Sleeve Styling': 'Drop-Shoulder Sleeves', 'Sustainable': 'Regular', 'Wash Care': 'Machine Wash', 'Weave Type': 'Knitted'}","{'5': '321', '4': '87', '3': '35', '2': '16', '1': '53'}"
33,T-shirt,29564800,ADIDAS,men-clothing,Pure Cotton Round Neck Logo Co Tee T-shirt,4.2,246Ratings,₹699,MRP₹999,(30% OFF),"['S', 'M', 'L', 'XL', 'XXL']",Regular FitThe model (height 6') is wearing a size M,T-shirt_men-clothing_29564800.jpg,C:/Users/DELL/OneDrive/Desktop/AI & DATA SCIENCE/Sem 2/Step 2/Test/Data/T-shirt/men-clothing\T-shirt_men-clothing_29564800.jpg,"https://assets.myntassets.com/h_720,q_90,w_540/v1/assets/images/29564800/2024/5/30/ae910db6-9323-40d5-ab2e-d5bc682d11211717070158183-ADIDAS-Men-Tshirts-9011717070157730-1.jpg","{'Fabric': 'Pure Cotton', 'Fit': 'Regular Fit', 'Length': 'Regular', 'Main Trend': 'New Basics', 'Multipack Set': 'Single', 'Neck': 'Round Neck', 'Number of Items': '1', 'Occasion': 'Sports'}","{'5': '151', '4': '44', '3': '18', '2': '11', '1': '22'}"
34,T-shirt,30154487,H&M,men-clothing,Slim Fit Waffled Jersey Top,4.4,66Ratings,MRP₹ 1499,MRP,None,"['XS', 'S', 'M', 'L', 'XL', 'XXL']","Top in waffled, midweight jersey made from a cotton blend with a round neckline, long sleeves, a straight-cut hem and ribbing around the neckline and cuffs. Slim fit that hugs the contours of your body, creating a fitted silhouette.",T-shirt_men-clothing_30154487.jpg,C:/Users/DELL/OneDrive/Desktop/AI & DATA SCIENCE/Sem 2/Step 2/Test/Data/T-shirt/men-clothing\T-shirt_men-clothing_30154487.jpg,"https://assets.myntassets.com/h_720,q_90,w_540/v1/assets/images/30154487/2024/7/9/3ce6e620-2172-48ff-a1b3-0a0837d3ab3f1720490117024HMSlimFitWaffledJerseyTop1.jpg","{'Fabric': 'Cotton', 'Fabric 2': 'Polyester', 'Fabric 3': 'Elastane', 'Fit': 'Slim Fit', 'Length': 'Regular', 'Main Trend': 'New Basics', 'Multipack Set': 'Single', 'Neck': 'Round Neck'}","{'5': '48', '4': '6', '3': '6', '2': '5', '1': '1'}"
35,T-shirt,25695642,Jack & Jones,men-clothing,Polo Collar Slim Fit Pure Cotton T-Shirt,4.4,1.6kRatings,₹584,MRP₹1299,(55% OFF),"['S', 'M', 'L', 'XL', 'XXL']",Slim FitThe model (height 6') is wearing a size M,T-shirt_men-clothing_25695642.jpg,C:/Users/DELL/OneDrive/Desktop/AI & DATA SCIENCE/Sem 2/Step 2/Test/Data/T-shirt/men-clothing\T-shirt_men-clothing_25695642.jpg,"https://assets.myntassets.com/h_720,q_90,w_540/v1/assets/images/25695642/2023/10/31/a9f52c21-3a17-4de9-9029-9394930046cd1698745119398JackJonesMenYellowPoloCollarSlimFitT-shirt1.jpg","{'Closure': 'Button', 'Fabric': 'Pure Cotton', 'Fit': 'Slim Fit', 'Length': 'Regular', 'Main Trend': 'New Basics', 'Multipack Set': 'Single', 'Neck': 'Polo Collar', 'Number of Items': '1'}","{'5': '1041', '4': '317', '3': '114', '2': '39', '1': '87'}"
36,T-shirt,8692181,HRX by Hrithik Roshan,men-clothing,Men Black Advanced Rapid Dry Training T-shirt,4.3,13kRatings,₹244,MRP₹699,(65% OFF),"['S', 'M', 'L', 'XL', 'XXL']",The model (height 6') is wearing a size M,T-shirt_men-clothing_8692181.jpg,C:/Users/DELL/OneDrive/Desktop/AI & DATA SCIENCE/Sem 2/Step 2/Test/Data/T-shirt/men-clothing\T-shirt_men-clothing_8692181.jpg,"https://assets.myntassets.com/h_720,q_90,w_540/v1/assets/images/8692181/2019/5/13/2f7aafd8-7b4d-4b69-80aa-027a276c60641557728266822-HRX-by-Hrithik-Roshan-Men-Black-Advanced-Rapid-Dry-Round-Nec-1.jpg","{'Fit': 'Regular Fit', 'Length': 'Regular', 'Main Trend': 'New Basics', 'Multipack Set': 'Single', 'Neck': 'Round Neck', 'Occasion': 'Sports', 'Pattern': 'Solid', 'Print or Pattern Type': 'Solid', 'Sleeve Length': 'Sleeveless', 'Sleeve Styling': 'No Sleeves', 'Sport': 'Training or Gym', 'Sustainable': 'Regular', 'Technology': 'Rapid-Dry', 'Wash Care': 'Machine Wash', 'Weave Type': 'Knitted'}","{'5': '7975', '4': '2987', '3': '1073', '2': '353', '1': '569'}"
37,T-shirt,15313286,HERE&NOW,women-clothing,HERENOW Women Black Typography Printed Pure Cotton T-shirt,4.3,6.5kRatings,₹255,MRP₹799,(68% OFF),"['XS', 'S', 'M', 'L', 'XL', 'XXL', '3XL']",Regular FitThe model (height 5'8) is wearing a size S,T-shirt_women-clothing_15313286.jpg,C:/Users/DELL/OneDrive/Desktop/AI & DATA SCIENCE/Sem 2/Step 2/Test/Data/T-shirt/women-clothing\T-shirt_women-clothing_15313286.jpg,"https://assets.myntassets.com/h_720,q_90,w_540/v1/assets/images/15313286/2022/3/31/16939cad-83b2-46aa-804d-be9d2de31cf31648711389296-HERENOW-Women-Black-Typography-Printed-Pure-Cotton-T-shirt-2-1.jpg","{'Fabric': 'Pure Cotton', 'Fit': 'Regular Fit', 'Length': 'Regular', 'Main Trend': 'Typography or Slogan Print', 'Multipack Set': 'Single', 'Neck': 'Round Neck', 'Occasion': 'Casual', 'Pattern': 'Printed'}","{'5': '3886', '4': '1433', '3': '603', '2': '218', '1': '393'}"
38,T-shirt,28659562,H&M,men-clothing,Men Pure Cotton 5-Pack Regular Fit T-shirts,4.1,712Ratings,MRP₹ 2699,MRP,None,"['XS', 'S', 'M', 'L', 'XL', 'XXL']","T-shirts in lightweight cotton jersey with a round, rib-trimmed neckline and a straight-cut hem. Regular fit for comfortable wear and a classic silhouette.",T-shirt_men-clothing_28659562.jpg,C:/Users/DELL/OneDrive/Desktop/AI & DATA SCIENCE/Sem 2/Step 2/Test/Data/T-shirt/men-clothing\T-shirt_men-clothing_28659562.jpg,"https://assets.myntassets.com/h_720,q_90,w_540/v1/assets/images/28659562/2024/4/10/90b34b4f-92f0-4619-87fb-85597f965cf51712747818156-HM-Men-Pure-Cotton-5-Pack-Regular-Fit-T-shirts-1241712747818-1.jpg","{'Fabric': 'Pure Cotton', 'Fit': 'Regular Fit', 'Length': 'Regular', 'Main Trend': 'New Basics', 'Multipack Set': '5', 'Neck': 'Round Neck', 'Number of Items': '5', 'Occasion': 'Casual'}","{'5': '435', '4': '110', '3': '43', '2': '31', '1': '93'}"
39,T-shirt,20963310,Kryptic,men-clothing,Men Printed Polo Collar Pure Cotton T-shirt,4.2,4.8kRatings,₹494,MRP₹1499,(67% OFF),"['M', 'L', 'XL']",Regular FitThe model (height 6') is wearing a size M,T-shirt_men-clothing_20963310.jpg,C:/Users/DELL/OneDrive/Desktop/AI & DATA SCIENCE/Sem 2/Step 2/Test/Data/T-shirt/men-clothing\T-shirt_men-clothing_20963310.jpg,"https://assets.myntassets.com/h_720,q_90,w_540/v1/assets/images/20963310/2022/11/29/284f5460-7301-4a15-8053-0ff6fa8d924a1669690173755KrypticMenWhitePrintedPoloCollarTropicalAppliqueT-shirt1.jpg","{'Closure': 'Button', 'Fabric': 'Cotton', 'Fit': 'Regular Fit', 'Length': 'Regular', 'Main Trend': 'Floral Print', 'Multipack Set': 'Single', 'Neck': 'Polo Collar', 'Number of Items': '1'}","{'5': '2643', '4': '1149', '3': '438', '2': '180', '1': '362'}"
40,T-shirt,25181318,Rigo,men-clothing,Polo Collar Waffle Knit Cotton T-shirt,4.1,1.6kRatings,₹644,MRP₹1499,(57% OFF),None,Regular FitThe model (height 6') is wearing a size M,T-shirt_men-clothing_25181318.jpg,C:/Users/DELL/OneDrive/Desktop/AI & DATA SCIENCE/Sem 2/Step 2/Test/Data/T-shirt/men-clothing\T-shirt_men-clothing_25181318.jpg,"https://assets.myntassets.com/h_720,q_90,w_540/v1/assets/images/25181318/2024/9/5/3377b05b-de4a-46f0-8937-61f76dfafae21725528704806-Rigo-Polo-Collar-Waffle-Knit-Cotton-T-shirt-1241725528703957-1.jpg","{'Fabric': 'Cotton', 'Fit': 'Regular Fit', 'Length': 'Regular', 'Main Trend': 'New Basics', 'Multipack Set': 'Single', 'Neck': 'Polo Collar', 'Number of Items': '1', 'Occasion': 'Casual', 'Pattern': 'Solid', 'Print or Pattern Type': 'Solid', 'Sleeve Length': 'Long Sleeves', 'Sleeve Styling': 'Regular Sleeves', 'Sustainable': 'Regular', 'Wash Care': 'Machine Wash', 'Weave Type': 'Knitted'}","{'5': '861', '4': '367', '3': '117', '2': '63', '1': '158'}"
41,T-shirt,30064814,H&M,men-clothing,Men Loose Fit Printed T-Shirt,4.4,229Ratings,MRP₹ 799,MRP,None,"['XS', 'S', 'M', 'L', 'XL', 'XXL']","T-shirt in midweight cotton jersey with print motifs, round, rib-trimmed neckline, dropped shoulders and a straight-cut hem. Loose fit for a generous but not oversized silhouette.",T-shirt_men-clothing_30064814.jpg,C:/Users/DELL/OneDrive/Desktop/AI & DATA SCIENCE/Sem 2/Step 2/Test/Data/T-shirt/men-clothing\T-shirt_men-clothing_30064814.jpg,"https://assets.myntassets.com/h_720,q_90,w_540/v1/assets/images/30064814/2024/6/28/8df84783-2021-46d3-9b12-3944569052281719580756707HMMenLooseFitPrintedT-Shirt1.jpg","{'Fabric': 'Cotton', 'Fit': 'Oversized', 'Length': 'Regular', 'Main Trend': 'New Basics', 'Multipack Set': 'Single', 'Neck': 'Round Neck', 'Number of Items': '1', 'Occasion': 'Casual'}","{'5': '163', '4': '34', '3': '10', '2': '4', '1': '18'}"
42,T-shirt,25231732,RARE RABBIT,men-clothing,Men Mello Polo Collar Slim Fit Cotton T-Shirt,4.3,502Ratings,₹1484,MRP₹3299,(55% OFF),"['S', 'M', 'L', 'XL', 'XXL']",Slim FitThe model (height 6') is wearing a size M,T-shirt_men-clothing_25231732.jpg,C:/Users/DELL/OneDrive/Desktop/AI & DATA SCIENCE/Sem 2/Step 2/Test/Data/T-shirt/men-clothing\T-shirt_men-clothing_25231732.jpg,"https://assets.myntassets.com/h_720,q_90,w_540/v1/assets/images/25231732/2023/9/29/37b202d0-0274-4f57-a78e-5e4c260ddde41695957484060RARERABBITMenBeigeV-NeckRawEdgeSlimFitT-shirt7.jpg","{'Closure': 'Button', 'Fabric': 'Cotton', 'Fit': 'Slim Fit', 'Length': 'Regular', 'Main Trend': 'Knits', 'Multipack Set': 'Single', 'Neck': 'Polo Collar', 'Number of Items': '1'}","{'5': '317', '4': '92', '3': '39', '2': '12', '1': '42'}"
43,T-shirt,12377258,Urbano Fashion,men-clothing,Men Teal Green Slim Fit Tropical Printed Pure Cotton T-shirt,4.1,25.6kRatings,₹307,MRP₹1099,(72% OFF),None,"Teal green Tropical printed T-shirt, has a round neck, and long sleeves",T-shirt_men-clothing_12377258.jpg,C:/Users/DELL/OneDrive/Desktop/AI & DATA SCIENCE/Sem 2/Step 2/Test/Data/T-shirt/men-clothing\T-shirt_men-clothing_12377258.jpg,"https://assets.myntassets.com/h_720,q_90,w_540/v1/assets/images/12377258/2024/7/25/ab076c69-6b6d-4445-b87a-f727e99e9e771721903964046-Urbano-Fashion-Men-Teal-Green-Slim-Fit-Tropical-Printed-Pure-1.jpg","{'Fit': 'Slim Fit', 'Length': 'Regular', 'Main Trend': 'Tropical', 'Multipack Set': 'Single', 'Neck': 'Round Neck', 'Occasion': 'Casual', 'Pattern': 'Printed', 'Pattern Coverage': 'All-Over'}","{'5': '13202', '4': '6075', '3': '2858', '2': '1201', '1': '2220'}"
44,T-shirt,24014310,BULLMER,men-clothing,Graphic Printed Oversized Cotton T-shirt,3.8,5.8kRatings,₹389,MRP₹1499,(74% OFF),"['S', 'M', 'L', 'XL', 'XXL']",OversizedThe model (height 6') is wearing a size M,T-shirt_men-clothing_24014310.jpg,C:/Users/DELL/OneDrive/Desktop/AI & DATA SCIENCE/Sem 2/Step 2/Test/Data/T-shirt/men-clothing\T-shirt_men-clothing_24014310.jpg,"https://assets.myntassets.com/h_720,q_90,w_540/v1/assets/images/24014310/2023/7/14/e0d643e5-05bc-4249-833b-0ddf80440f851689274793057BULLMERMenBeigePrintedV-NeckPocketsT-shirt1.jpg","{'Fabric': 'Cotton', 'Fit': 'Oversized', 'Length': 'Regular', 'Main Trend': 'Graphic Print Others', 'Multipack Set': 'Single', 'Neck': 'Round Neck', 'Number of Items': '1', 'Occasion': 'Casual', 'Pattern': 'Printed', 'Pattern Coverage': 'Chest', 'Print or Pattern Type': 'Graphic', 'Sleeve Length': 'Short Sleeves', 'Sleeve Styling': 'Regular Sleeves', 'Sustainable': 'Regular', 'Wash Care': 'Machine Wash', 'Weave Type': 'Knitted'}","{'5': '2822', '4': '1081', '3': '631', '2': '332', '1': '978'}"
45,T-shirt,25181282,Rigo,men-clothing,Polo Collar Long Sleeve Cotton T-shirt,4.1,1.6kRatings,₹644,MRP₹1499,(57% OFF),None,Regular FitThe model (height 6') is wearing a size M,T-shirt_men-clothing_25181282.jpg,C:/Users/DELL/OneDrive/Desktop/AI & DATA SCIENCE/Sem 2/Step 2/Test/Data/T-shirt/men-clothing\T-shirt_men-clothing_25181282.jpg,"https://assets.myntassets.com/h_720,q_90,w_540/v1/assets/images/25181282/2023/9/27/f2fcdc16-e14f-4948-825a-b7eeb0de6e2b1695786781516RigoMenBlackV-NeckPocketsT-shirt1.jpg","{'Fabric': 'Cotton', 'Fit': 'Regular Fit', 'Length': 'Regular', 'Main Trend': 'New Basics', 'Multipack Set': 'Single', 'Neck': 'Polo Collar', 'Number of Items': '1', 'Occasion': 'Casual'}","{'5': '864', '4': '371', '3': '118', '2': '63', '1': '160'}"
46,T-shirt,29280620,Levis,men-clothing,Brand Logo Printed Relaxed Fit Pure Cotton T-shirt,4.4,45Ratings,₹749,MRP₹1499,(50% OFF),"['S', 'M', 'L', 'XL', 'XXL']",Relaxed FitThe model (height 6') is wearing a size M,T-shirt_men-clothing_29280620.jpg,C:/Users/DELL/OneDrive/Desktop/AI & DATA SCIENCE/Sem 2/Step 2/Test/Data/T-shirt/men-clothing\T-shirt_men-clothing_29280620.jpg,"https://assets.myntassets.com/h_720,q_90,w_540/v1/assets/images/2024/AUGUST/26/twqqe6je_75574344351047af911020475e8d17f5.jpg","{'Fabric': 'Pure Cotton', 'Fit': 'Relaxed Fit', 'Length': 'Regular', 'Main Trend': 'Typography or Slogan Print', 'Multipack Set': 'Single', 'Neck': 'Round Neck', 'Number of Items': '1', 'Occasion': 'Casual', 'Package Contains': '1 T-shirt', 'Pattern': 'Printed', 'Pattern Coverage': 'Chest', 'Print or Pattern Type': 'Brand Logo', 'Sleeve Length': 'Short Sleeves', 'Sleeve Styling': 'Regular Sleeves', 'Sustainable': 'Regular', 'Wash Care': 'Machine Wash', 'Weave Type': 'Knitted'}","{'5': '28', '4': '10', '3': '5', '2': '1', '1': '1'}"
47,T-shirt,29688168,The Souled Store,men-clothing,Geometric Printed Drop-Shoulder Sleeves Pure Cotton Oversized T-shirt,4.6,8Ratings,₹1512,MRP₹1559,(3% OFF),"['XS', 'S', 'M', 'L', 'XL', 'XXL', '3XL']",OversizedThe model (height 6') is wearing a size M,T-shirt_men-clothing_29688168.jpg,C:/Users/DELL/OneDrive/Desktop/AI & DATA SCIENCE/Sem 2/Step 2/Test/Data/T-shirt/men-clothing\T-shirt_men-clothing_29688168.jpg,"https://assets.myntassets.com/h_720,q_90,w_540/v1/assets/images/29688168/2024/5/22/71366d24-68e4-4b0d-9822-82181efd8a091716368363556TheSouledStoreMenPrintedT-shirt1.jpg","{'Fabric': 'Cotton', 'Fit': 'Oversized', 'Length': 'Regular', 'Main Trend': 'Geometric Print', 'Multipack Set': 'Single', 'Neck': 'Round Neck', 'Number of Items': '1', 'Occasion': 'Casual', 'Package Contains': '1 t-shirt', 'Pattern': 'Printed', 'Pattern Coverage': 'Chest', 'Print or Pattern Type': 'Geometric', 'Sleeve Length': 'Short Sleeves', 'Sleeve Styling': 'Drop-Shoulder Sleeves', 'Sustainable': 'Regular', 'Wash Care': 'Machine Wash', 'Weave Type': 'Knitted'}","{'5': '7', '4': '', '3': '', '2': '1', '1': ''}"
48,T-shirt,12904032,Roadster,men-clothing,Men Off-White & Rust Orange Striped Polo Collar T-shirt,3.9,5.7kRatings,₹849,MRP₹1399,(Rs. 550 OFF),"['S', 'M', 'L', 'XL']","Off-white and Rust orange striped T-shirt, has a polo collar with button closure, and short sleeves",T-shirt_men-clothing_12904032.jpg,C:/Users/DELL/OneDrive/Desktop/AI & DATA SCIENCE/Sem 2/Step 2/Test/Data/T-shirt/men-clothing\T-shirt_men-clothing_12904032.jpg,"https://assets.myntassets.com/h_720,q_90,w_540/v1/assets/images/12904032/2021/3/26/019f481c-5248-470c-b313-a30cd8679e561616743549885-Roadster-Men-Off-White--Rust-Orange-Striped-Polo-Collar-T-sh-1.jpg","{'Closure': 'Button', 'Fabric': 'Cotton', 'Fit': 'Regular Fit', 'Length': 'Regular', 'Main Trend': 'Multi or Variegated Stripes', 'Multipack Set': 'Single', 'Neck': 'Polo Collar', 'Occasion': 'Casual'}","{'5': '2977', '4': '1112', '3': '555', '2': '286', '1': '746'}"
49,T-shirt,30352626,Roadster,men-clothing,Men Polo Collar T-shirt,4,8.3kRatings,₹479,MRP₹1499,(Rs. 1020 OFF),"['S', 'M', 'L', 'XL']",Regular FitThe model (height 6') is wearing a size M,T-shirt_men-clothing_30352626.jpg,C:/Users/DELL/OneDrive/Desktop/AI & DATA SCIENCE/Sem 2/Step 2/Test/Data/T-shirt/men-clothing\T-shirt_men-clothing_30352626.jpg,"https://assets.myntassets.com/h_720,q_90,w_540/v1/assets/images/30352626/2024/7/31/de68e872-8a6f-4ddb-b562-48f954d1d8ce1722407248010-Roadster-Men-Tshirts-2221722407247577-1.jpg","{'Closure': 'Button', 'Fabric': 'Cotton', 'Fabric 2': 'Polyester', 'Fit': 'Regular Fit', 'Length': 'Regular', 'Main Trend': 'New Basics', 'Multipack Set': 'Single', 'Neck': 'Polo Collar', 'Number of Items': '1', 'Occasion': 'Casual', 'Package Contains': 'Single', 'Pattern': 'Solid', 'Print or Pattern Type': 'Solid', 'Sleeve Length': 'Short Sleeves', 'Sleeve Styling': 'Regular Sleeves', 'Sustainable': 'Regular', 'Wash Care': 'Machine Wash', 'Weave Type': 'Knitted'}","{'5': '4336', '4': '1814', '3': '807', '2': '350', '1': '987'}"
50,T-shirt,22208880,Maniac,men-clothing,Raglan Sleeves Typography Printed Oversized T-shirt,4.2,9.5kRatings,₹580,MRP₹1659,(65% OFF),None,Oversized FitThe model (height 6') is wearing a size M,T-shirt_men-clothing_22208880.jpg,C:/Users/DELL/OneDrive/Desktop/AI & DATA SCIENCE/Sem 2/Step 2/Test/Data/T-shirt/men-clothing\T-shirt_men-clothing_22208880.jpg,"https://assets.myntassets.com/h_720,q_90,w_540/v1/assets/images/22208880/2023/3/3/b227c67c-1c43-4161-87c2-a1807a43f7571677825393422ManiacMenPurpleTypographyPrintedBoxyT-shirt1.jpg","{'Fabric': 'Cotton', 'Fabric 2': 'Cotton', 'Fabric 3': 'Cotton', 'Fit': 'Oversized', 'Length': 'Regular', 'Main Trend': 'Typography or Slogan Print', 'Multipack Set': 'Single', 'Neck': 'Round Neck'}","{'5': '5648', '4': '2071', '3': '759', '2': '327', '1': '689'}"
